title,link,published,description,source,source sub-category,id
"Ganguly on Rahul: 'When you fail for a while, obviously there will be criticism'",https://www.espncricinfo.com/ci/content/story/1360922.html?ex_cid=OTC-RSS,"Mon, 27 Feb 2023 10:01:38","""Perhaps message from team management is that he has to wait,"" Ganguly says about Shubman Gill's Test future",espncricinfo,espncricinfo India,https://www.espncricinfo.com/ci/content/story/1360922.html
"Harmanpreet Kaur rues luck, missed chances after tense semi-final exit",https://www.espncricinfo.com/ci/content/story/1360455.html?ex_cid=OTC-RSS,"Thu, 23 Feb 2023 18:46:11","""We can't be unluckier than this,"" she said of her run-out while also praising Rodrigues",espncricinfo,espncricinfo India,https://www.espncricinfo.com/ci/content/story/1360455.html
Australia clinch thriller to make seventh straight final,https://www.espncricinfo.com/ci/content/story/1360399.html?ex_cid=OTC-RSS,"Thu, 23 Feb 2023 17:29:22","Mooney, Lanning, Gardner, Brown, Jonassen put in crucial contributions as India fall just short",espncricinfo,espncricinfo India,https://www.espncricinfo.com/ci/content/story/1360399.html
India need everything to click to make it past favourites Australia,https://www.espncricinfo.com/ci/content/story/1360300.html?ex_cid=OTC-RSS,"Thu, 23 Feb 2023 07:15:33",Both teams are yet to put up the perfect performance but boast enough depth to make the semi-final exciting,espncricinfo,espncricinfo India,https://www.espncricinfo.com/ci/content/story/1360300.html
Anderson reclaims No. 1 spot in Test bowling rankings; Hasaranga at top in T20Is,https://www.espncricinfo.com/ci/content/story/1360275.html?ex_cid=OTC-RSS,"Wed, 22 Feb 2023 09:36:15",The England veteran is the oldest man to top the charts since Clarrie Grimmett in 1936,espncricinfo,espncricinfo India,https://www.espncricinfo.com/ci/content/story/1360275.html
Tata bags title rights for the Women's Premier League,https://www.espncricinfo.com/ci/content/story/1360204.html?ex_cid=OTC-RSS,"Tue, 21 Feb 2023 16:17:49","According to a BCCI source, the deal is for five years ",espncricinfo,espncricinfo India,https://www.espncricinfo.com/ci/content/story/1360204.html
'Fully fit' Chahar ready to make comeback at IPL 2023,https://www.espncricinfo.com/ci/content/story/1360164.html?ex_cid=OTC-RSS,"Tue, 21 Feb 2023 13:10:14",Fast bowler says he has recovered from a stress fracture and quad grade 3 tear following extensive rehab at the NCA,espncricinfo,espncricinfo India,https://www.espncricinfo.com/ci/content/story/1360164.html
"ICC rankings: Richa Ghosh, Amelia Kerr and Muneeba Ali reach career-best numbers",https://www.espncricinfo.com/ci/content/story/1360153.html?ex_cid=OTC-RSS,"Tue, 21 Feb 2023 09:52:31","Renuka Singh's five-for against England lifted her to No. 5 among bowlers, as Lea Tahuhu moved from tenth to seventh",espncricinfo,espncricinfo India,https://www.espncricinfo.com/ci/content/story/1360153.html
Harmanpreet: India need to address high dot-ball count,https://www.espncricinfo.com/ci/content/story/1360123.html?ex_cid=OTC-RSS,"Mon, 20 Feb 2023 21:04:07",Captain wants more proactivity in likely semi-final showdown with Australia,espncricinfo,espncricinfo India,https://www.espncricinfo.com/ci/content/story/1360123.html
Mandhana's career-best powers India into semis,https://www.espncricinfo.com/ci/content/story/1360084.html?ex_cid=OTC-RSS,"Mon, 20 Feb 2023 17:26:59",Ireland were five runs behind the DLS par score when rain forced an early end to the game,espncricinfo,espncricinfo India,https://www.espncricinfo.com/ci/content/story/1360084.html
Jadeja and Axar: Sweep and reverse sweep are difficult here,https://www.espncricinfo.com/ci/content/story/1360048.html?ex_cid=OTC-RSS,"Mon, 20 Feb 2023 09:08:04",Axar avoided it while making 74 crucial runs for India; Jadeja benefited from Australia's overuse of it to finish with a match haul of ten wickets,espncricinfo,espncricinfo India,https://www.espncricinfo.com/ci/content/story/1360048.html
Unadkat: Ranji win 'a fitting tribute to one of Saurashtra's favourite sons' Pujara,https://www.espncricinfo.com/ci/content/story/1359948.html?ex_cid=OTC-RSS,"Sun, 19 Feb 2023 14:26:33","Captain also says ""this decade and era belongs to Saurashtra"" following their second title in three seasons",espncricinfo,espncricinfo India,https://www.espncricinfo.com/ci/content/story/1359948.html
"Rohit to miss first ODI against Australia, no vice-captain named for Test squad",https://www.espncricinfo.com/ci/content/story/1359930.html?ex_cid=OTC-RSS,"Sun, 19 Feb 2023 13:31:28",Hardik to lead in Rohit's absence; no changes in the red-ball squad for the remaining two Tests,espncricinfo,espncricinfo India,https://www.espncricinfo.com/ci/content/story/1359930.html
Rohit: 'The confidence Jadeja has in his ability is massive',https://www.espncricinfo.com/ci/content/story/1359924.html?ex_cid=OTC-RSS,"Sun, 19 Feb 2023 12:17:09","The India captain says he told his spinners at the start of day three to ""keep it tight, and let the batters make the mistake""",espncricinfo,espncricinfo India,https://www.espncricinfo.com/ci/content/story/1359924.html
India almost through to World Test Championship final after beating Australia in Delhi,https://www.espncricinfo.com/ci/content/story/1359905.html?ex_cid=OTC-RSS,"Sun, 19 Feb 2023 09:56:35",India and Australia are the favourites to qualify for the second World Test Championship final at The Oval from June 7 to 11,espncricinfo,espncricinfo India,https://www.espncricinfo.com/ci/content/story/1359905.html
India retain Border-Gavaskar Trophy after Australia lose nine wickets in a session,https://www.espncricinfo.com/ci/content/story/1359900.html?ex_cid=OTC-RSS,"Sun, 19 Feb 2023 09:43:05",Jadeja took career-best figures of 7 for 42 as India won the second Test inside three days in Delhi,espncricinfo,espncricinfo India,https://www.espncricinfo.com/ci/content/story/1359900.html
110 balls of mayhem: how Australia were blown away in Delhi,https://www.espncricinfo.com/ci/content/story/1359882.html?ex_cid=OTC-RSS,"Sun, 19 Feb 2023 12:38:53",Australia began the third day on 61 for 1; they were all out for 113 before lunch,espncricinfo,espncricinfo India,https://www.espncricinfo.com/ci/content/story/1359882.html
'I perform well when I enjoy myself' - Renuka sticks to her strengths to create a stir,https://www.espncricinfo.com/ci/content/story/1359824.html?ex_cid=OTC-RSS,"Sun, 19 Feb 2023 09:52:45","""She bowled really well with the new ball and that's something batters will look at in case we come up against India again,"" says Sophie Ecclestone",espncricinfo,espncricinfo India,https://www.espncricinfo.com/ci/content/story/1359824.html
Nat Sciver-Brunt leads England past India despite Renuka Singh five-for,https://www.espncricinfo.com/ci/content/story/1359750.html?ex_cid=OTC-RSS,"Sat, 18 Feb 2023 17:18:21",Renuka's career-best haul and good knocks from Smriti Mandhana and Richa Ghosh fail to prevent England from closing in on semi-final spot,espncricinfo,espncricinfo India,https://www.espncricinfo.com/ci/content/story/1359750.html
"Lyon, Head give Australia edge in one-innings shootout",https://www.espncricinfo.com/ci/content/story/1359735.html?ex_cid=OTC-RSS,"Sat, 18 Feb 2023 14:27:48",India's lower order came to the party again with Axar scoring 74,espncricinfo,espncricinfo India,https://www.espncricinfo.com/ci/content/story/1359735.html
Khawaja and Handscomb fifties give Australia a chance,https://www.espncricinfo.com/ci/content/story/1359455.html?ex_cid=OTC-RSS,"Fri, 17 Feb 2023 13:57:59","Shami, Ashwin and Jadeja shared the wickets in Delhi where the Test is evenly poised",espncricinfo,espncricinfo India,https://www.espncricinfo.com/ci/content/story/1359455.html
Prasidh Krishna ruled out of IPL 2023 with stress fracture,https://www.espncricinfo.com/ci/content/story/1359449.html?ex_cid=OTC-RSS,"Fri, 17 Feb 2023 11:17:13",It also puts him in considerable doubt for the 50-over World Cup at home this October-November,espncricinfo,espncricinfo India,https://www.espncricinfo.com/ci/content/story/1359449.html
IPL 2023 to be played from March 31 to May 28,https://www.espncricinfo.com/ci/content/story/1359430.html?ex_cid=OTC-RSS,"Sat, 18 Feb 2023 02:52:13","Both the tournament-opener and the final will be played in Ahmedabad; there will be double-headers every Saturday and Sunday, totalling 18",espncricinfo,espncricinfo India,https://www.espncricinfo.com/ci/content/story/1359430.html
Chetan Sharma resigns as India's chairman of selectors after TV sting operation,https://www.espncricinfo.com/ci/content/story/1359379.html?ex_cid=OTC-RSS,"Fri, 17 Feb 2023 06:41:05",Chetan Sharma had been reappointed to the role only in January,espncricinfo,espncricinfo India,https://www.espncricinfo.com/ci/content/story/1359379.html
Mumbai Police registers case against eight people for alleged attack on car of Shaw's friend,https://www.espncricinfo.com/ci/content/story/1359260.html?ex_cid=OTC-RSS,"Thu, 16 Feb 2023 17:59:15","According to police, Shaw ""refused to take a selfie for the second time with two people""",espncricinfo,espncricinfo India,https://www.espncricinfo.com/ci/content/story/1359260.html
Uncertain Australia need quick answers to keep series alive,https://www.espncricinfo.com/ci/content/story/1359217.html?ex_cid=OTC-RSS,"Thu, 16 Feb 2023 11:46:54",Spin will likely dominate again and the visitors need to keep Ashwin and Jadeja at bay much longer than they managed in Nagpur,espncricinfo,espncricinfo India,https://www.espncricinfo.com/ci/content/story/1359217.html
Dravid: Shreyas Iyer will 'walk straight into the side' if fit,https://www.espncricinfo.com/ci/content/story/1359103.html?ex_cid=OTC-RSS,"Thu, 16 Feb 2023 06:36:04","""We certainly value contributions of people who've been there, and if they've missed out due to injury, they deserve the right to come back in""",espncricinfo,espncricinfo India,https://www.espncricinfo.com/ci/content/story/1359103.html
Ashwin closes in on Cummins at the top of Test bowlers' rankings,https://www.espncricinfo.com/ci/content/story/1359052.html?ex_cid=OTC-RSS,"Wed, 15 Feb 2023 17:04:58","Gudakesh Motie, the star of West Indies' win in the second Test in Zimbabwe, rises 77 places in the bowlers' rankings",espncricinfo,espncricinfo India,https://www.espncricinfo.com/ci/content/story/1359052.html
Smriti Mandhana set to return to action against West Indies,https://www.espncricinfo.com/ci/content/story/1358969.html?ex_cid=OTC-RSS,"Tue, 14 Feb 2023 17:33:31","""We're confident that she got through the session today and did everything she needed to do,"" Troy Cooley says",espncricinfo,espncricinfo India,https://www.espncricinfo.com/ci/content/story/1358969.html
Fit-again Shreyas Iyer to join India's Test squad in Delhi,https://www.espncricinfo.com/ci/content/story/1358904.html?ex_cid=OTC-RSS,"Tue, 14 Feb 2023 14:38:27",Batter has been cleared by the BCCI's medical team after undergoing rehab at the NCA,espncricinfo,espncricinfo India,https://www.espncricinfo.com/ci/content/story/1358904.html
"Mumbai Indians, Gujarat Giants to kick off WPL 2023 in Navi Mumbai on March 4",https://www.espncricinfo.com/ci/content/story/1358901.html?ex_cid=OTC-RSS,"Tue, 14 Feb 2023 14:54:20","The final will be played on March 26, at the Brabourne Stadium",espncricinfo,espncricinfo India,https://www.espncricinfo.com/ci/content/story/1358901.html
Harmanpreet Kaur: 'WPL is a gamechanger for all of us',https://www.espncricinfo.com/ci/content/story/1358735.html?ex_cid=OTC-RSS,"Mon, 13 Feb 2023 13:43:52",Reactions from some of the players who were bought at the first Women's Premier League auction,espncricinfo,espncricinfo India,https://www.espncricinfo.com/ci/content/story/1358735.html
"Mandhana gets the biggest bid at WPL auction, goes to RCB for INR 3.4 crore",https://www.espncricinfo.com/ci/content/story/1358706.html?ex_cid=OTC-RSS,"Tue, 14 Feb 2023 02:48:48",Australia's Ashleigh Gardner and England's Nat Sciver-Brunt were the most expensive overseas players at a price of INR 3.2 crore,espncricinfo,espncricinfo India,https://www.espncricinfo.com/ci/content/story/1358706.html
Accuracy and pin-point yorkers on world champion Titas Sadhu's mind,https://www.espncricinfo.com/ci/content/story/1358700.html?ex_cid=OTC-RSS,"Mon, 13 Feb 2023 09:05:47",The Under-19 world champion is one of the young Indians who could attract a lot of interest during the WPL auction,espncricinfo,espncricinfo India,https://www.espncricinfo.com/ci/content/story/1358700.html
2023 WPL auction: The list of sold and unsold players,https://www.espncricinfo.com/ci/content/story/1358695.html?ex_cid=OTC-RSS,"Mon, 13 Feb 2023 18:29:39","Who was sold to whom, and who didn't get a bid?
",espncricinfo,espncricinfo India,https://www.espncricinfo.com/ci/content/story/1358695.html
Third India vs Australia Test shifted from Dharamsala to Indore,https://www.espncricinfo.com/ci/content/story/1358680.html?ex_cid=OTC-RSS,"Mon, 13 Feb 2023 04:52:06",Poor outfield conditions led to Dharamsala losing the right to host the game,espncricinfo,espncricinfo India,https://www.espncricinfo.com/ci/content/story/1358680.html
Jemimah Rodrigues: Pressure of boys cricket on Mumbai maidans fuelled World Cup heroics,https://www.espncricinfo.com/ci/content/story/1358667.html?ex_cid=OTC-RSS,"Sun, 12 Feb 2023 20:16:41",Batter went out of comfort zone in bid to overcome 50-over World Cup axing,espncricinfo,espncricinfo India,https://www.espncricinfo.com/ci/content/story/1358667.html
Jaydev Unadkat available to lead Saurashtra in Ranji Trophy final,https://www.espncricinfo.com/ci/content/story/1358580.html?ex_cid=OTC-RSS,"Sun, 12 Feb 2023 13:51:52",It is understood that the fast bowler initiated the request for release with the Indian team management,espncricinfo,espncricinfo India,https://www.espncricinfo.com/ci/content/story/1358580.html
Third India-Australia Test to be moved out of Dharamsala,https://www.espncricinfo.com/ci/content/story/1358563.html?ex_cid=OTC-RSS,"Sun, 12 Feb 2023 13:06:31",Indore and Rajkot are reportedly the frontrunners as alternative venue,espncricinfo,espncricinfo India,https://www.espncricinfo.com/ci/content/story/1358563.html
Vasavada holds nerve to haul Saurashtra into final,https://www.espncricinfo.com/ci/content/story/1358558.html?ex_cid=OTC-RSS,"Sun, 12 Feb 2023 12:33:00","Gowtham's three wickets had reduced Saurashtra to 42 for 5 in a chase of 115, before Vasavada and Sakariya rescued them",espncricinfo,espncricinfo India,https://www.espncricinfo.com/ci/content/story/1358558.html
Pradipta Pramanik's five-for takes Bengal to Ranji Trophy final,https://www.espncricinfo.com/ci/content/story/1358530.html?ex_cid=OTC-RSS,"Sun, 12 Feb 2023 10:17:49",Madhya Pradesh scored at over six an over in a mammoth chase but were bowled out in the 40th over,espncricinfo,espncricinfo India,https://www.espncricinfo.com/ci/content/story/1358530.html
Vasavada's 202 puts Saurashtra one step closer to Ranji Trophy final,https://www.espncricinfo.com/ci/content/story/1358435.html?ex_cid=OTC-RSS,"Sat, 11 Feb 2023 13:08:09",Kaverappa takes a five-for but Karnataka's hopes fade away in Bengaluru,espncricinfo,espncricinfo India,https://www.espncricinfo.com/ci/content/story/1358435.html
"'Be unorthodox, use your feet, get to the pitch of the ball' - Rohit explains how to bat on turners in India",https://www.espncricinfo.com/ci/content/story/1358390.html?ex_cid=OTC-RSS,"Sat, 11 Feb 2023 11:13:32","""You can't let the bowler bowl six balls on the spot, you got to try and do something different, and that can be your way of doing it""",espncricinfo,espncricinfo India,https://www.espncricinfo.com/ci/content/story/1358390.html
Jadeja penalised for using 'soothing cream' without intimating umpires,https://www.espncricinfo.com/ci/content/story/1358389.html?ex_cid=OTC-RSS,"Sat, 11 Feb 2023 09:47:34",Jadeja fined 25% of his Nagpur Test match fee and handed a demerit point,espncricinfo,espncricinfo India,https://www.espncricinfo.com/ci/content/story/1358389.html
"Jadeja, Rohit, Ashwin lead India to resounding innings win",https://www.espncricinfo.com/ci/content/story/1358388.html?ex_cid=OTC-RSS,"Sat, 11 Feb 2023 09:12:44",Australia crumbled to their second-lowest total against India in 32.3 overs on the third day,espncricinfo,espncricinfo India,https://www.espncricinfo.com/ci/content/story/1358388.html
Smriti Mandhana ruled out of Pakistan game due to finger injury,https://www.espncricinfo.com/ci/content/story/1358208.html?ex_cid=OTC-RSS,"Sat, 11 Feb 2023 11:27:24","She, however, is likely to be available for India's second game, against West Indies, on February 15",espncricinfo,espncricinfo India,https://www.espncricinfo.com/ci/content/story/1358208.html
Question mark over Dharamsala as venue for Border-Gavaskar Trophy,https://www.espncricinfo.com/ci/content/story/1358300.html?ex_cid=OTC-RSS,"Fri, 10 Feb 2023 17:27:48","Ground to be inspected, to see if it is fit to host a Test match after a recent renovation, before the BCCI takes a final call",espncricinfo,espncricinfo India,https://www.espncricinfo.com/ci/content/story/1358300.html
Five for Akash Deep as Bengal take huge lead,https://www.espncricinfo.com/ci/content/story/1358276.html?ex_cid=OTC-RSS,"Fri, 10 Feb 2023 15:31:15",Team closes in on making a second final in three years after bowling Madhya Pradesh out for 170,espncricinfo,espncricinfo India,https://www.espncricinfo.com/ci/content/story/1358276.html
"Jackson 160, Vasavada 112* deflate Karnataka",https://www.espncricinfo.com/ci/content/story/1358267.html?ex_cid=OTC-RSS,"Fri, 10 Feb 2023 14:50:16",Their 232-run stand helped Saurashtra recover from 92 for 3 and go into day four trailing by just 43 runs,espncricinfo,espncricinfo India,https://www.espncricinfo.com/ci/content/story/1358267.html
"Rohit Sharma, Ravindra Jadeja, Axar Patel give India control",https://www.espncricinfo.com/ci/content/story/1358225.html?ex_cid=OTC-RSS,"Fri, 10 Feb 2023 12:17:29","India finished day two with a significant lead of 144, despite a five-for from Australia debutant Todd Murphy",espncricinfo,espncricinfo India,https://www.espncricinfo.com/ci/content/story/1358225.html
Indian team tells match-referee Jadeja used pain-relief cream on finger,https://www.espncricinfo.com/ci/content/story/1358111.html?ex_cid=OTC-RSS,"Thu, 09 Feb 2023 18:40:32",Jadeja and Rohit met with match-referee Pycroft to clarify visuals of spinner rubbing a substance on his bowling finger,espncricinfo,espncricinfo India,https://www.espncricinfo.com/ci/content/story/1358111.html
Rohit leads strong reply after Jadeja five-for,https://www.espncricinfo.com/ci/content/story/1358027.html?ex_cid=OTC-RSS,"Thu, 09 Feb 2023 11:42:18",India take day one honours after Australia bowled out for 177 in 63.5 overs,espncricinfo,espncricinfo India,https://www.espncricinfo.com/ci/content/story/1358027.html
"Suryakumar Yadav, KS Bharat, Todd Murphy make debuts as Australia bat vs India",https://www.espncricinfo.com/ci/content/story/1357952.html?ex_cid=OTC-RSS,"Thu, 09 Feb 2023 04:07:17",Australia pick Handscomb in place of Head; Shami and Siraj form India's pace attack,espncricinfo,espncricinfo India,https://www.espncricinfo.com/ci/content/story/1357952.html
'We are ready to play horses for courses' - Rohit Sharma on selection calls,https://www.espncricinfo.com/ci/content/story/1357851.html?ex_cid=OTC-RSS,"Wed, 08 Feb 2023 12:35:23","India captain says they will pick their ""best XI"" depending on the pitch and conditions",espncricinfo,espncricinfo India,https://www.espncricinfo.com/ci/content/story/1357851.html
What's the big deal with the Nagpur pitch?,https://www.espncricinfo.com/ci/content/story/1357832.html?ex_cid=OTC-RSS,"Wed, 08 Feb 2023 12:22:25","Charges of pitch doctoring, and rebuttals to those charges, are dominating the discussion on the eve of the first Border-Gavaskar Test",espncricinfo,espncricinfo India,https://www.espncricinfo.com/ci/content/story/1357832.html
"India, Australia, and the start of a larger-than-life cricket yarn",https://www.espncricinfo.com/ci/content/story/1357817.html?ex_cid=OTC-RSS,"Wed, 08 Feb 2023 14:57:48",The high-profile series plays out against the broader narrative of a World Test Championship final,espncricinfo,espncricinfo India,https://www.espncricinfo.com/ci/content/story/1357817.html
WTC final to be played at The Oval from June 7 to 11,https://www.espncricinfo.com/ci/content/story/1357809.html?ex_cid=OTC-RSS,"Wed, 08 Feb 2023 10:17:12",June 12 has been earmarked as a reserve day for the Test,espncricinfo,espncricinfo India,https://www.espncricinfo.com/ci/content/story/1357809.html
"Gill, Hardik and Arshdeep rise in T20I rankings after series win over New Zealand",https://www.espncricinfo.com/ci/content/story/1357803.html?ex_cid=OTC-RSS,"Wed, 08 Feb 2023 12:17:39","Jofra Archer, playing after a gap of nearly two years, has moved up to No. 22 among bowlers after his career-best 6 for 40 vs SA",espncricinfo,espncricinfo India,https://www.espncricinfo.com/ci/content/story/1357803.html
WPL auction: 409 players to go under the hammer,https://www.espncricinfo.com/ci/content/story/1357658.html?ex_cid=OTC-RSS,"Wed, 08 Feb 2023 12:51:45",Auction to begin at 2.30 pm IST on February 13 in Mumbai,espncricinfo,espncricinfo India,https://www.espncricinfo.com/ci/content/story/1357658.html
Ian Chappell: 'Load of rubbish to worry if a batter is left-handed or right-handed',https://www.espncricinfo.com/ci/content/story/1357643.html?ex_cid=OTC-RSS,"Wed, 08 Feb 2023 13:21:34","""It's only really a problem if the left-handers think, 'oh, hell. We've got to face Ashwin and he could get me out,'""",espncricinfo,espncricinfo India,https://www.espncricinfo.com/ci/content/story/1357643.html
Winning a Test series in India is 'bigger than the Ashes' for Australia's stars,https://www.espncricinfo.com/ci/content/story/1357502.html?ex_cid=OTC-RSS,"Tue, 07 Feb 2023 05:46:52","Captain Pat Cummins says winning the upcoming Border Gavaskar Trophy would be an ""era-defining"" result",espncricinfo,espncricinfo India,https://www.espncricinfo.com/ci/content/story/1357502.html
Women's Premier League to begin on March 4,https://www.espncricinfo.com/ci/content/story/1357479.html?ex_cid=OTC-RSS,"Tue, 14 Feb 2023 14:54:05",Final scheduled for March 26; all matches at Brabourne and DY Patil Stadium in Mumbai,espncricinfo,espncricinfo India,https://www.espncricinfo.com/ci/content/story/1357479.html
Ravindra Jadeja 'hadn't felt the sun for about five months',https://www.espncricinfo.com/ci/content/story/1357472.html?ex_cid=OTC-RSS,"Mon, 06 Feb 2023 12:49:11",India spinner talks about his recovery from a serious knee injury last August that eventually needed surgery,espncricinfo,espncricinfo India,https://www.espncricinfo.com/ci/content/story/1357472.html
Decision on Asia Cup venue postponed to March 2023,https://www.espncricinfo.com/ci/content/story/1357337.html?ex_cid=OTC-RSS,"Mon, 06 Feb 2023 08:22:45","Pakistan have the hosting rights as it stands, but the BCCI has said their team will be unable to travel there",espncricinfo,espncricinfo India,https://www.espncricinfo.com/ci/content/story/1357337.html
WPL auction during T20 World Cup a 'distraction' but 'enormous step for women's cricket',https://www.espncricinfo.com/ci/content/story/1357314.html?ex_cid=OTC-RSS,"Mon, 06 Feb 2023 08:34:45","Sophie Devine, Harmanpreet Kaur, Meg Lanning and Heather Knight on how the players plan to deal with this ""awkward"" situation",espncricinfo,espncricinfo India,https://www.espncricinfo.com/ci/content/story/1357314.html
Australia aware of reverse-swing threat amid spin talk,https://www.espncricinfo.com/ci/content/story/1357204.html?ex_cid=OTC-RSS,"Mon, 06 Feb 2023 08:34:42",Alex Carey said it will be down to each batter to find out the method and tempo which works best for them,espncricinfo,espncricinfo India,https://www.espncricinfo.com/ci/content/story/1357204.html
Joginder Sharma announces retirement from all forms of cricket,https://www.espncricinfo.com/ci/content/story/1357097.html?ex_cid=OTC-RSS,"Mon, 06 Feb 2023 08:34:45","""I will be exploring new opportunities in the world of cricket and the business side of it,"" former India medium pacer says",espncricinfo,espncricinfo India,https://www.espncricinfo.com/ci/content/story/1357097.html
Tryon fifty seals tri-series title for South Africa,https://www.espncricinfo.com/ci/content/story/1357034.html?ex_cid=OTC-RSS,"Thu, 02 Feb 2023 16:50:23",Calculative and magnificent 57 not out helps team chase down 110 on spin-friendly pitch,espncricinfo,espncricinfo India,https://www.espncricinfo.com/ci/content/story/1357034.html
The Hardik Pandya evolution: 'I don't mind coming in and playing the MS Dhoni role',https://www.espncricinfo.com/ci/content/story/1356975.html?ex_cid=OTC-RSS,"Thu, 02 Feb 2023 07:17:40","India's stand-in T20I captain is looking to ""give my team and the other [batter] more calmness and the assurance that at least I'm there""",espncricinfo,espncricinfo India,https://www.espncricinfo.com/ci/content/story/1356975.html
Stunning Gill sets up record demolition of New Zealand,https://www.espncricinfo.com/ci/content/story/1356855.html?ex_cid=OTC-RSS,"Thu, 02 Feb 2023 03:48:31",India's margin of victory was the biggest in a T20I involving two Full-Member teams,espncricinfo,espncricinfo India,https://www.espncricinfo.com/ci/content/story/1356855.html
Shreyas Iyer ruled out of first Australia Test,https://www.espncricinfo.com/ci/content/story/1356838.html?ex_cid=OTC-RSS,"Thu, 02 Feb 2023 00:06:49",The middle-order batter is expected to join the India squad for the second Test in Delhi,espncricinfo,espncricinfo India,https://www.espncricinfo.com/ci/content/story/1356838.html
Stump Mic podcast: India's U-19 title a big win for women's cricket ,https://www.espncricinfo.com/ci/content/story/1356806.html?ex_cid=OTC-RSS,"Sat, 04 Feb 2023 18:40:56","Raunak Kapoor, Lydia Greenway, Marina Iqbal, Valkerie Baynes and Sambit Bal look at the possible impact of India's win",espncricinfo,espncricinfo India,https://www.espncricinfo.com/ci/content/story/1356806.html
"WPL player auction likely on February 11 or 13, Mumbai could host first edition",https://www.espncricinfo.com/ci/content/story/1356779.html?ex_cid=OTC-RSS,"Wed, 01 Feb 2023 08:23:19","Jhulan Goswami, meanwhile, is set to join the Mumbai franchise as bowling coach and mentor",espncricinfo,espncricinfo India,https://www.espncricinfo.com/ci/content/story/1356779.html
Jadeja set to join India squad in Nagpur ahead of Australia series,https://www.espncricinfo.com/ci/content/story/1356761.html?ex_cid=OTC-RSS,"Tue, 31 Jan 2023 15:42:56","Shreyas Iyer, however, is yet to get a clearance from the NCA as he continues his recovery from a back issue",espncricinfo,espncricinfo India,https://www.espncricinfo.com/ci/content/story/1356761.html
Ajinkya Rahane to play for Leicestershire in 2023 county season,https://www.espncricinfo.com/ci/content/story/1356730.html?ex_cid=OTC-RSS,"Tue, 31 Jan 2023 17:11:42",This will be Rahane's second stint in County Championship after 2019 when he represented Hampshire,espncricinfo,espncricinfo India,https://www.espncricinfo.com/ci/content/story/1356730.html
New Zealand target rare series win in India,https://www.espncricinfo.com/ci/content/story/1356693.html?ex_cid=OTC-RSS,"Tue, 31 Jan 2023 13:31:16","Apart from a one-off T20I in 2012, the visitors have not won a bilateral series of any format in India",espncricinfo,espncricinfo India,https://www.espncricinfo.com/ci/content/story/1356693.html
Lucknow curator sacked for 'shocker of a pitch' for second India-NZ T20I,https://www.espncricinfo.com/ci/content/story/1356634.html?ex_cid=OTC-RSS,"Tue, 31 Jan 2023 07:30:10",India captain Hardik Pandya had criticised the surface after chasing the target of 100 with only one ball to spare,espncricinfo,espncricinfo India,https://www.espncricinfo.com/ci/content/story/1356634.html
"Deepti Sharma, Pooja Vastrakar star with the ball to keep West Indies winless",https://www.espncricinfo.com/ci/content/story/1356566.html?ex_cid=OTC-RSS,"Mon, 30 Jan 2023 17:57:12","They shared five out of the six wickets, before Jemimah Rodrigues and Harmanpreet Kaur controlled the chase",espncricinfo,espncricinfo India,https://www.espncricinfo.com/ci/content/story/1356566.html
M Vijay retires from international cricket,https://www.espncricinfo.com/ci/content/story/1356529.html?ex_cid=OTC-RSS,"Mon, 30 Jan 2023 11:19:05","Former India opener will explore ""new opportunities in the world of cricket and the business side of it""",espncricinfo,espncricinfo India,https://www.espncricinfo.com/ci/content/story/1356529.html
'This was a shocker of a wicket' - Hardik Pandya critical of Lucknow pitch,https://www.espncricinfo.com/ci/content/story/1356493.html?ex_cid=OTC-RSS,"Mon, 30 Jan 2023 10:10:28","Gambhir, Neesham also echo India captain's thoughts; Bracewell reckons it wasn't a bad advertisement for T20s",espncricinfo,espncricinfo India,https://www.espncricinfo.com/ci/content/story/1356493.html
"Shafali 'not going to be satisfied', sets sights on senior World Cup",https://www.espncricinfo.com/ci/content/story/1356486.html?ex_cid=OTC-RSS,"Sun, 29 Jan 2023 19:16:13",India's captain also revealed how the pain of Melbourne 2020 spurred her on in this tournament,espncricinfo,espncricinfo India,https://www.espncricinfo.com/ci/content/story/1356486.html
Suryakumar helps India draw level in Lucknow spin-fest,https://www.espncricinfo.com/ci/content/story/1356415.html?ex_cid=OTC-RSS,"Mon, 30 Jan 2023 17:33:06","Defending a mere 99, New Zealand's bowlers stretched the game to its penultimate ball",espncricinfo,espncricinfo India,https://www.espncricinfo.com/ci/content/story/1356415.html
Persistent rain washes out dress rehearsal for final,https://www.espncricinfo.com/ci/content/story/1356325.html?ex_cid=OTC-RSS,"Sat, 28 Jan 2023 19:57:59",Only two overs were bowled before the heavens opened,espncricinfo,espncricinfo India,https://www.espncricinfo.com/ci/content/story/1356325.html
Pressure on India as New Zealand look to seal the series in Lucknow,https://www.espncricinfo.com/ci/content/story/1356311.html?ex_cid=OTC-RSS,"Sun, 29 Jan 2023 12:34:04",The focus will be on India's top order with Prithvi Shaw waiting in the wings,espncricinfo,espncricinfo India,https://www.espncricinfo.com/ci/content/story/1356311.html
Mithali Raj roped in as mentor and advisor of WPL team Gujarat Giants,https://www.espncricinfo.com/ci/content/story/1356305.html?ex_cid=OTC-RSS,"Fri, 24 Feb 2023 13:59:02",The world's most prolific run-scorer in women's cricket joins the Ahmedabad-based franchise for the inaugural season of WPL,espncricinfo,espncricinfo India,https://www.espncricinfo.com/ci/content/story/1356305.html
"Hardik, Santner express 'shock' and 'surprise' at Ranchi pitch",https://www.espncricinfo.com/ci/content/story/1356216.html?ex_cid=OTC-RSS,"Sat, 28 Jan 2023 16:20:38",The two captains were surprised by the new ball offering more turn and how much it spun in the second innings,espncricinfo,espncricinfo India,https://www.espncricinfo.com/ci/content/story/1356216.html
India to face England in Women's U-19 T20 World Cup final,https://www.espncricinfo.com/ci/content/story/1356157.html?ex_cid=OTC-RSS,"Sat, 28 Jan 2023 09:23:19","India spun out New Zealand, before England edged out Australia in a nail-biter",espncricinfo,espncricinfo India,https://www.espncricinfo.com/ci/content/story/1356157.html
Daryl Mitchell and Mitchell Santner give New Zealand 1-0 lead in T20Is,https://www.espncricinfo.com/ci/content/story/1356107.html?ex_cid=OTC-RSS,"Sat, 28 Jan 2023 04:52:17","Spin was the way to go on the night, and the visitors got it right",espncricinfo,espncricinfo India,https://www.espncricinfo.com/ci/content/story/1356107.html
Ravindra Jadeja 'hopefully good to go now' for India vs Australia Tests,https://www.espncricinfo.com/ci/content/story/1355961.html?ex_cid=OTC-RSS,"Thu, 26 Jan 2023 16:26:48",He picked up seven wickets in the second innings - and bowled 41.1 overs in the match - in his comeback from knee surgery,espncricinfo,espncricinfo India,https://www.espncricinfo.com/ci/content/story/1355961.html
Pandya resumes T20I captaincy as New Zealand seek first win of tour,https://www.espncricinfo.com/ci/content/story/1355934.html?ex_cid=OTC-RSS,"Thu, 26 Jan 2023 12:57:11","Gill and Kishan are set to open for India, as Shaw bides his time and Gaikwad is ruled out of the series with a wrist injury",espncricinfo,espncricinfo India,https://www.espncricinfo.com/ci/content/story/1355934.html
"Women's U-19 World Cup: India, England, Australia and New Zealand's road to the semi-finals",https://www.espncricinfo.com/ci/content/story/1355897.html?ex_cid=OTC-RSS,"Thu, 26 Jan 2023 06:05:48","As the battle for the first junior women's T20 title heats up, here's a run-through of what each contender has going for them",espncricinfo,espncricinfo India,https://www.espncricinfo.com/ci/content/story/1355897.html
Who are the two new Women's Premier League team owners?,https://www.espncricinfo.com/ci/content/story/1355869.html?ex_cid=OTC-RSS,"Wed, 25 Jan 2023 18:33:42","The lowdown on Adani Sportsline and Capri Global, who own teams based out of Ahmedabad and Lucknow",espncricinfo,espncricinfo India,https://www.espncricinfo.com/ci/content/story/1355869.html
WPL set to be played from March 4 to 24; IPL final likely on May 28,https://www.espncricinfo.com/ci/content/story/1355856.html?ex_cid=OTC-RSS,"Wed, 25 Jan 2023 13:27:09",WPL player auction expected to take place in first week of February,espncricinfo,espncricinfo India,https://www.espncricinfo.com/ci/content/story/1355856.html
"Owners of Mumbai Indians, Delhi Capitals, RCB win bids to own Women's Premier League teams",https://www.espncricinfo.com/ci/content/story/1355823.html?ex_cid=OTC-RSS,"Thu, 26 Jan 2023 07:51:15","The Adani Group and Capri Global buy the other two WPL teams; Mumbai, Delhi, Bengaluru, Ahmedabad and Lucknow to be home venues",espncricinfo,espncricinfo India,https://www.espncricinfo.com/ci/content/story/1355823.html
Men's ODI rankings: Siraj is the new No. 1 bowler; Gill overtakes Kohli on batters' table,https://www.espncricinfo.com/ci/content/story/1355816.html?ex_cid=OTC-RSS,"Wed, 25 Jan 2023 14:41:48","Rohit Sharma, Mohammed Shami, Hardik Pandya, Kuldeep Yadav are the other Indians to move up after their series sweep over New Zealand",espncricinfo,espncricinfo India,https://www.espncricinfo.com/ci/content/story/1355816.html
"Rohit wary about rushing Bumrah back, hopeful fast bowler will play last two Australia Tests",https://www.espncricinfo.com/ci/content/story/1355756.html?ex_cid=OTC-RSS,"Wed, 25 Jan 2023 06:22:25",The India captain also responds to rhetoric around his form after scoring his first ODI hundred in three years,espncricinfo,espncricinfo India,https://www.espncricinfo.com/ci/content/story/1355756.html
Renshaw ready for Ashwin test if opportunity comes in India,https://www.espncricinfo.com/ci/content/story/1355750.html?ex_cid=OTC-RSS,"Wed, 25 Jan 2023 00:54:46",The left hander believes that lbw is the biggest danger facing the offspinner,espncricinfo,espncricinfo India,https://www.espncricinfo.com/ci/content/story/1355750.html
"Stokes, Babar and Buttler named captains of ICC teams of 2022",https://www.espncricinfo.com/ci/content/story/1355558.html?ex_cid=OTC-RSS,"Tue, 24 Jan 2023 13:30:38","Smriti Mandhana, Beth Mooney, Sophie Ecclestone and Renuka Singh figure in both women's white-ball XIs for the year gone by",espncricinfo,espncricinfo India,https://www.espncricinfo.com/ci/content/story/1355558.html
Seven IPL team owners among 17 entities to bid for women's IPL teams,https://www.espncricinfo.com/ci/content/story/1355523.html?ex_cid=OTC-RSS,"Wed, 25 Jan 2023 00:42:28","The auction will take place in Mumbai on Wednesday, and the winners will be determined through a closed-bid process",espncricinfo,espncricinfo India,https://www.espncricinfo.com/ci/content/story/1355523.html
Rohit and Gill outdo Conway as India go No. 1 with 3-0 win,https://www.espncricinfo.com/ci/content/story/1355482.html?ex_cid=OTC-RSS,"Wed, 25 Jan 2023 03:22:46",A three-wicket burst from Thakur proved crucial after the three openers scored tons in an Indore run-fest,espncricinfo,espncricinfo India,https://www.espncricinfo.com/ci/content/story/1355482.html
